period_start,period_end,period_key,period_label,is_partial_period,entity_type,entity_code,entity_name,published_rank,prescription_items,entity_key
2019-01-01,2019-12-31,2019,Full year,0,PRACTICE,D81022,OCTAGON MEDICAL PRACTICE,1,10548,PRACTICE|D81022
2019-01-01,2019-12-31,2019,Full year,0,PRACTICE,M85063,MIDLANDS MEDICAL PARTNERSHIP,2,9418,PRACTICE|M85063
2019-01-01,2019-12-31,2019,Full year,0,PRACTICE,Y01008,BAY MEDICAL GROUP,3,8595,PRACTICE|Y01008
2019-01-01,2019-12-31,2019,Full year,0,PRACTICE,F85002,MEDICUS HEALTH PARTNERS-FOREST RD GROUP,4,8122,PRACTICE|F85002
2019-01-01,2019-12-31,2019,Full year,0,PRACTICE,M88004,REGIS MEDICAL CENTRE,5,7378,PRACTICE|M88004
2019-01-01,2019-12-31,2019,Full year,0,PRACTICE,K83002,LAKESIDE HEALTHCARE,6,6951,PRACTICE|K83002
2019-01-01,2019-12-31,2019,Full year,0,PRACTICE,D82044,VIDA HEALTHCARE,7,6283,PRACTICE|D82044
2019-01-01,2019-12-31,2019,Full year,0,PRACTICE,G85034,NEXUS HEALTH GROUP,8,5879,PRACTICE|G85034
2019-01-01,2019-12-31,2019,Full year,0,PRACTICE,C83019,BEACON MEDICAL PRACTICE,9,5860,PRACTICE|C83019
2019-01-01,2019-12-31,2019,Full year,0,PRACTICE,M81026,HEREFORD MEDICAL GROUP,10,5720,PRACTICE|M81026
2020-01-01,2020-12-31,2020,Full year,0,PRACTICE,D81022,OCTAGON MEDICAL PRACTICE,1,10819,PRACTICE|D81022
2020-01-01,2020-12-31,2020,Full year,0,PRACTICE,M85063,MIDLANDS MEDICAL PARTNERSHIP,2,8728,PRACTICE|M85063
2020-01-01,2020-12-31,2020,Full year,0,PRACTICE,Y01008,BAY MEDICAL GROUP,3,7702,PRACTICE|Y01008
2020-01-01,2020-12-31,2020,Full year,0,PRACTICE,F85002,MEDICUS HEALTH PARTNERS-FOREST RD GROUP,4,7543,PRACTICE|F85002
2020-01-01,2020-12-31,2020,Full year,0,PRACTICE,M88004,REGIS MEDICAL CENTRE,5,7077,PRACTICE|M88004
2020-01-01,2020-12-31,2020,Full year,0,PRACTICE,K83002,LAKESIDE HEALTHCARE,6,6676,PRACTICE|K83002
2020-01-01,2020-12-31,2020,Full year,0,PRACTICE,M92612,HEALTH AND BEYOND,7,6588,PRACTICE|M92612
2020-01-01,2020-12-31,2020,Full year,0,PRACTICE,J82155,PORTSDOWN GROUP PRACTICE,8,6290,PRACTICE|J82155
2020-01-01,2020-12-31,2020,Full year,0,PRACTICE,G85034,NEXUS HEALTH GROUP,9,6044,PRACTICE|G85034
2020-01-01,2020-12-31,2020,Full year,0,PRACTICE,B81025,HOLDERNESS HEALTH,10,5896,PRACTICE|B81025
2021-01-01,2021-06-30,2021 YTD,Jan-Jun,1,CCG,91Q00,KENT AND MEDWAY CCG,1,98394,CCG|91Q00
2021-01-01,2021-06-30,2021 YTD,Jan-Jun,1,CCG,72Q00,SOUTH EAST LONDON CCG,2,88408,CCG|72Q00
2021-01-01,2021-06-30,2021 YTD,Jan-Jun,1,CCG,15E00,BIRMINGHAM AND SOLIHULL CCG,3,77638,CCG|15E00
2021-01-01,2021-06-30,2021 YTD,Jan-Jun,1,CCG,26A00,NORFOLK AND WAVENEY CCG,4,68221,CCG|26A00
2021-01-01,2021-06-30,2021 YTD,Jan-Jun,1,CCG,36L00,SOUTH WEST LONDON CCG,5,68113,CCG|36L00
2021-01-01,2021-06-30,2021 YTD,Jan-Jun,1,CCG,52R00,NOTTINGHAM AND NOTTINGHAMSHIRE CCG,6,67173,CCG|52R00
2021-01-01,2021-06-30,2021 YTD,Jan-Jun,1,CCG,93C00,NORTH CENTRAL LONDON CCG,7,66544,CCG|93C00
2021-01-01,2021-06-30,2021 YTD,Jan-Jun,1,CCG,15N00,DEVON CCG,8,66312,CCG|15N00
2021-01-01,2021-06-30,2021 YTD,Jan-Jun,1,CCG,A3A8R,NORTH EAST LONDON CCG,9,58423,CCG|A3A8R
2021-01-01,2021-06-30,2021 YTD,Jan-Jun,1,CCG,W2U3Z,NORTH WEST LONDON CCG,10,58125,CCG|W2U3Z
2021-01-01,2021-06-30,2021 YTD,Jan-Jun,1,PRACTICE,D81022,OCTAGON MEDICAL PRACTICE,1,5420,PRACTICE|D81022
2021-01-01,2021-06-30,2021 YTD,Jan-Jun,1,PRACTICE,F85002,MEDICUS HEALTH PARTNERS,2,5277,PRACTICE|F85002
2021-01-01,2021-06-30,2021 YTD,Jan-Jun,1,PRACTICE,M85063,MIDLANDS MEDICAL PARTNERSHIP,3,4038,PRACTICE|M85063
2021-01-01,2021-06-30,2021 YTD,Jan-Jun,1,PRACTICE,Y01008,BAY MEDICAL GROUP,4,3910,PRACTICE|Y01008
2021-01-01,2021-06-30,2021 YTD,Jan-Jun,1,PRACTICE,A84036,VALENS MEDICAL PARTNERSHIP,5,3777,PRACTICE|A84036
2021-01-01,2021-06-30,2021 YTD,Jan-Jun,1,PRACTICE,M92612,HEALTH AND BEYOND,6,3449,PRACTICE|M92612
2021-01-01,2021-06-30,2021 YTD,Jan-Jun,1,PRACTICE,J82155,PORTSDOWN GROUP PRACTICE,7,3313,PRACTICE|J82155
2021-01-01,2021-06-30,2021 YTD,Jan-Jun,1,PRACTICE,K83002,LAKESIDE HEALTHCARE,8,3211,PRACTICE|K83002
2021-01-01,2021-06-30,2021 YTD,Jan-Jun,1,PRACTICE,M88004,REGIS MEDICAL CENTRE,9,3169,PRACTICE|M88004
2021-01-01,2021-06-30,2021 YTD,Jan-Jun,1,PRACTICE,G85034,NEXUS HEALTH GROUP,10,2984,PRACTICE|G85034
