period_start,period_end,period_key,period_label,is_partial_period,entity_type,entity_code,entity_name,published_rank,prescription_items
2019-01-01,2019-12-31,2019,Full year,0,Practice,D81022,OCTAGON MEDICAL PRACTICE,1,10548
2019-01-01,2019-12-31,2019,Full year,0,Practice,M85063,MIDLANDS MEDICAL PARTNERSHIP,2,9418
2019-01-01,2019-12-31,2019,Full year,0,Practice,Y01008,BAY MEDICAL GROUP,3,8595
2019-01-01,2019-12-31,2019,Full year,0,Practice,F85002,MEDICUS HEALTH PARTNERS-FOREST RD GROUP,4,8122
2019-01-01,2019-12-31,2019,Full year,0,Practice,M88004,REGIS MEDICAL CENTRE,5,7378
2019-01-01,2019-12-31,2019,Full year,0,Practice,K83002,LAKESIDE HEALTHCARE,6,6951
2019-01-01,2019-12-31,2019,Full year,0,Practice,D82044,VIDA HEALTHCARE,7,6283
2019-01-01,2019-12-31,2019,Full year,0,Practice,G85034,NEXUS HEALTH GROUP,8,5879
2019-01-01,2019-12-31,2019,Full year,0,Practice,C83019,BEACON MEDICAL PRACTICE,9,5860
2019-01-01,2019-12-31,2019,Full year,0,Practice,M81026,HEREFORD MEDICAL GROUP,10,5720
2020-01-01,2020-12-31,2020,Full year,0,Practice,D81022,OCTAGON MEDICAL PRACTICE,1,10819
2020-01-01,2020-12-31,2020,Full year,0,Practice,M85063,MIDLANDS MEDICAL PARTNERSHIP,2,8728
2020-01-01,2020-12-31,2020,Full year,0,Practice,Y01008,BAY MEDICAL GROUP,3,7702
2020-01-01,2020-12-31,2020,Full year,0,Practice,F85002,MEDICUS HEALTH PARTNERS-FOREST RD GROUP,4,7543
2020-01-01,2020-12-31,2020,Full year,0,Practice,M88004,REGIS MEDICAL CENTRE,5,7077
2020-01-01,2020-12-31,2020,Full year,0,Practice,K83002,LAKESIDE HEALTHCARE,6,6676
2020-01-01,2020-12-31,2020,Full year,0,Practice,M92612,HEALTH AND BEYOND,7,6588
2020-01-01,2020-12-31,2020,Full year,0,Practice,J82155,PORTSDOWN GROUP PRACTICE,8,6290
2020-01-01,2020-12-31,2020,Full year,0,Practice,G85034,NEXUS HEALTH GROUP,9,6044
2020-01-01,2020-12-31,2020,Full year,0,Practice,B81025,HOLDERNESS HEALTH,10,5896
2021-01-01,2021-06-30,2021 YTD,Jan-Jun,1,Practice,D81022,OCTAGON MEDICAL PRACTICE,1,5420
2021-01-01,2021-06-30,2021 YTD,Jan-Jun,1,Practice,F85002,MEDICUS HEALTH PARTNERS,2,5277
2021-01-01,2021-06-30,2021 YTD,Jan-Jun,1,Practice,M85063,MIDLANDS MEDICAL PARTNERSHIP,3,4038
2021-01-01,2021-06-30,2021 YTD,Jan-Jun,1,Practice,Y01008,BAY MEDICAL GROUP,4,3910
2021-01-01,2021-06-30,2021 YTD,Jan-Jun,1,Practice,A84036,VALENS MEDICAL PARTNERSHIP,5,3777
2021-01-01,2021-06-30,2021 YTD,Jan-Jun,1,Practice,M92612,HEALTH AND BEYOND,6,3449
2021-01-01,2021-06-30,2021 YTD,Jan-Jun,1,Practice,J82155,PORTSDOWN GROUP PRACTICE,7,3313
2021-01-01,2021-06-30,2021 YTD,Jan-Jun,1,Practice,K83002,LAKESIDE HEALTHCARE,8,3211
2021-01-01,2021-06-30,2021 YTD,Jan-Jun,1,Practice,M88004,REGIS MEDICAL CENTRE,9,3169
2021-01-01,2021-06-30,2021 YTD,Jan-Jun,1,Practice,G85034,NEXUS HEALTH GROUP,10,2984
2021-01-01,2021-06-30,2021 YTD,Jan-Jun,1,CCG,91Q00,KENT AND MEDWAY CCG,1,98394
2021-01-01,2021-06-30,2021 YTD,Jan-Jun,1,CCG,72Q00,SOUTH EAST LONDON CCG,2,88408
2021-01-01,2021-06-30,2021 YTD,Jan-Jun,1,CCG,15E00,BIRMINGHAM AND SOLIHULL CCG,3,77638
2021-01-01,2021-06-30,2021 YTD,Jan-Jun,1,CCG,26A00,NORFOLK AND WAVENEY CCG,4,68221
2021-01-01,2021-06-30,2021 YTD,Jan-Jun,1,CCG,36L00,SOUTH WEST LONDON CCG,5,68113
2021-01-01,2021-06-30,2021 YTD,Jan-Jun,1,CCG,52R00,NOTTINGHAM AND NOTTINGHAMSHIRE CCG,6,67173
2021-01-01,2021-06-30,2021 YTD,Jan-Jun,1,CCG,93C00,NORTH CENTRAL LONDON CCG,7,66544
2021-01-01,2021-06-30,2021 YTD,Jan-Jun,1,CCG,15N00,DEVON CCG,8,66312
2021-01-01,2021-06-30,2021 YTD,Jan-Jun,1,CCG,A3A8R,NORTH EAST LONDON CCG,9,58423
2021-01-01,2021-06-30,2021 YTD,Jan-Jun,1,CCG,W2U3Z,NORTH WEST LONDON CCG,10,58125
